{
  "lastUpdated": "2025-08-05",
  "events": [
    {
      "id": "event-001",
      "title": "Design Guild 9月交流会",
      "type": "meetup",
      "typeLabel": "交流会",
      "date": "2025-09-01",
      "time": "15:00-17:00",
      "location": "渋谷周辺カフェ",
      "capacity": 15,
      "currentParticipants": 0,
      "description": "9月最初の日曜日に、クリエイター同士でゆるく交流しませんか？",
      "features": [
        "カジュアルな雰囲気",
        "少人数制",
        "初参加歓迎"
      ],
      "image": "",
      "registrationOpen": true,
      "registrationDeadline": "2025-08-30",
      "mailSubject": "参加申込：9月交流会",
      "mailBody": "9月1日の交流会に参加希望です。",
      "tags": ["交流会"]
    }
  ]
}
